<?xml version="1.0"?>
<project name="project" default="run">
	<target name="run" description="">
		<property name="toolkit.home" value="C:\Program Files (x86)\IBM\WMBT700" />
		<property name="project.name" value="GA_BillPayment_MFW" />
		<property name="folder.name" value="GA_BillPayment" />
		<property name="workspace.dir" value="C:\Users\proveedor_fmerchan\IBM\wmbt70\workspace" />
		<property name="domain.name" value="payments" />
		<property name="project.route" value="\${project.name}\com\ath\service\${domain.name}" />
		<!--Primer Bar-->
		<property name="ant.bar.basedir.one" value="C:\Users\proveedor_fmerchan\IBM\wmbt70\workspace\GeneratedBarFiles\${folder.name}_BAVV" />
		<property name="bar.name.one" value="${ant.bar.basedir.one}\${folder.name}_BAVV.bar" />
		<antcall target="build-one" />
		<!--Primera copia de Bars-->
		<property name="ant.bar.basedir.two" value="C:\Users\proveedor_fmerchan\IBM\wmbt70\workspace\GeneratedBarFiles\${folder.name}_BBOG" />
		<copy file="${ant.bar.basedir.one}\${folder.name}_BAVV.bar" todir="C:\Users\proveedor_fmerchan\IBM\wmbt70\workspace\GeneratedBarFiles\${folder.name}_BBOG" />
		<rename src="C:\Users\proveedor_fmerchan\IBM\wmbt70\workspace\GeneratedBarFiles\${folder.name}_BBOG\${folder.name}_BAVV.bar" dest="C:\Users\proveedor_fmerchan\IBM\wmbt70\workspace\GeneratedBarFiles\${folder.name}_BBOG\${folder.name}_BBOG.bar" />
		<!--Segunda copia de Bars-->
		<property name="ant.bar.basedir.three" value="C:\Users\proveedor_fmerchan\IBM\wmbt70\workspace\GeneratedBarFiles\${folder.name}_BPOP" />
		<copy file="${ant.bar.basedir.one}\${folder.name}_BAVV.bar" todir="C:\Users\proveedor_fmerchan\IBM\wmbt70\workspace\GeneratedBarFiles\${folder.name}_BPOP" />
		<rename src="C:\Users\proveedor_fmerchan\IBM\wmbt70\workspace\GeneratedBarFiles\${folder.name}_BPOP\${folder.name}_BAVV.bar" dest="C:\Users\proveedor_fmerchan\IBM\wmbt70\workspace\GeneratedBarFiles\${folder.name}_BPOP\${folder.name}_BPOP.bar" />
		<!--Cuarto Bar-->
		<property name="ant.bar.basedir.four" value="C:\Users\proveedor_fmerchan\IBM\wmbt70\workspace\GeneratedBarFiles\${folder.name}_BOCC" />
		<property name="bar.name.four" value="${ant.bar.basedir.four}\${folder.name}_BOCC.bar" />
		<antcall target="build-four" />			
	</target>
	<!--Primera creación de bar-->
	<target name="build-one">
		<echo message="Building message broker project number one, two and three... @ ${workspace.dir}" />
		<exec executable="${toolkit.home}\mqsicreatebar.exe" spawn="false">
			<arg value="-data" />
			<arg value="${workspace.dir}" />
			<arg value="-b" />
			<arg value="${bar.name.one}" />
			<arg value="-p" />
			<arg value="${project.name}" />
			<arg value="-o" />
			<arg value="\GA_BillPayment_MST_WSDL\GA_BillPayment_MST_WSDL\messageSet.mset" />
			<arg value="${project.route}\GA_BillPayment_WSFcd.msgflow" />
			<arg value="${project.route}\GA_BillPaymentBillPmt_WS_AVA.msgflow" />
			<arg value="${project.route}\GA_BillPaymentNoBillPmt_WS_AVA.msgflow" />
			<arg value="${project.route}\GA_BillPaymentBillPmt_Orch.msgflow" />
		</exec>
	</target>
	<target name="build-four">
			<echo message="Building message broker project number four (BOCC)... @ ${workspace.dir}" />
			<exec executable="${toolkit.home}\mqsicreatebar.exe" spawn="false">
				<arg value="-data" />
				<arg value="${workspace.dir}" />
				<arg value="-b" />
				<arg value="${bar.name.four}" />
				<arg value="-p" />
				<arg value="${project.name}" />
				<arg value="-o" />
				<arg value="\GA_BillPaymentBOCC_MST_TCP\GA_BillPaymentBOCC_MST_TCP\messageSet.mset" />
				<arg value="\GA_BillPayment_MST_WSDL\GA_BillPayment_MST_WSDL\messageSet.mset" />
				<arg value="${project.route}\GA_BillPayment_WSFcd.msgflow" />
				<arg value="${project.route}\GA_BillPaymentBillPmt_TCP_OCC.msgflow" />
				<arg value="${project.route}\GA_BillPaymentNoBillPmt_TCP_OCC.msgflow" />
				<arg value="${project.route}\GA_BillPaymentBillPmt_Orch.msgflow" />
			</exec>
		</target>
</project>