<?xml version="1.0"?>
<project name="project" default="run">
	<target name="run" description="">
		<property name="toolkit.home" value="C:\Program Files (x86)\IBM\WMBT700" />
		<property name="ant.properties.basedir" value="C:\Users\proveedor_dacosta\OrquestadorFacilPass" />
		<property name="project.name" value="GA_BillPayment_Source_FP_Orch" />
		<property name="folder.name" value="GA_BillPayment_FP_Orch_MFW" />
		<property name="domain.name" value="payments" />
		<!--Primer bar-->
		<property name="ant.bars.basedir.one" value="${ant.properties.basedir}\GeneratedBarFiles\${folder.name}_BAVV" />
		<property name="bar.name.one" value="${ant.bars.basedir.one}\${folder.name}_BAVV.bar" />
		<property name="bar.properties.name.one" value="${ant.properties.basedir}\${project.name}\Ant\configserviceavv.properties" />
		<antcall target="mqsiapplybaroverride.modifybar.one" /> 
		<!--Segundo bar-->
		<property name="ant.bars.basedir.two" value="${ant.properties.basedir}\GeneratedBarFiles\${folder.name}_BBOG" />
		<property name="bar.name.two" value="${ant.bars.basedir.two}\${folder.name}_BBOG.bar" />
		<property name="bar.properties.name.two" value="${ant.properties.basedir}\${project.name}\Ant\configservicebog.properties" />
		<antcall target="mqsiapplybaroverride.modifybar.two" />
		<!--Tercer bar-->
		<property name="ant.bars.basedir.three" value="${ant.properties.basedir}\GeneratedBarFiles\${folder.name}_BOCC" />
		<property name="bar.name.three" value="${ant.bars.basedir.three}\${folder.name}_BOCC.bar" />
		<property name="bar.properties.name.three" value="${ant.properties.basedir}\${project.name}\Ant\configserviceocc.properties" />
		<antcall target="mqsiapplybaroverride.modifybar.three" /> 
		<!--Cuarto bar-->
		<property name="ant.bars.basedir.four" value="${ant.properties.basedir}\GeneratedBarFiles\${folder.name}_BPOP" />
		<property name="bar.name.four" value="${ant.bars.basedir.four}\${folder.name}_BPOP.bar" />
		<property name="bar.properties.name.four" value="${ant.properties.basedir}\${project.name}\Ant\configservicepop.properties" />
		<antcall target="mqsiapplybaroverride.modifybar.four" />
	</target>

	<!--
    Target to build the broker archive using mqsiapplybaroverride
  -->
	<target name="mqsiapplybaroverride.modifybar.one">
		<echo message="Overriding Broker Archive file... please wait - ${bar.name.one} " />
		<echo message="${toolkit.home}\mqsiapplybaroverride.exe 
			  -b  ${bar.name.one} -p ${bar.properties.name}" />
		<exec executable="${toolkit.home}\mqsiapplybaroverride.exe" spawn="false">
			<arg value="-b" />
			<arg value="${bar.name.one}" />
			<arg value="-p" />
			<arg value="${bar.properties.name.one}" />
		</exec>
		<echo message="Broker Archive file successfully overridden - ${bar.name.one}" />
	</target>
	<target name="mqsiapplybaroverride.modifybar.two">
		<echo message="Overriding Broker Archive file... please wait - ${bar.name.two} " />
		<echo message="${toolkit.home}\mqsiapplybaroverride.exe 
				  -b  ${bar.name.two} -p ${bar.properties.name.two}" />
		<exec executable="${toolkit.home}\mqsiapplybaroverride.exe" spawn="false">
			<arg value="-b" />
			<arg value="${bar.name.two}" />
			<arg value="-p" />
			<arg value="${bar.properties.name.two}" />
		</exec>
		<echo message="Broker Archive file successfully overridden - ${bar.name.two}" />
	</target>
	<target name="mqsiapplybaroverride.modifybar.three">
		<echo message="Overriding Broker Archive file... please wait - ${bar.name.three} " />
		<echo message="${toolkit.home}\mqsiapplybaroverride.exe 
					  -b  ${bar.name.three} -p ${bar.properties.name.three}" />
		<exec executable="${toolkit.home}\mqsiapplybaroverride.exe" spawn="false">
			<arg value="-b" />
			<arg value="${bar.name.three}" />
			<arg value="-p" />
			<arg value="${bar.properties.name.three}" />
		</exec>
		<echo message="Broker Archive file successfully overridden - ${bar.name.three}" />
	</target>
	<target name="mqsiapplybaroverride.modifybar.four">
		<echo message="Overriding Broker Archive file... please wait - ${bar.name.four} " />
		<echo message="${toolkit.home}\mqsiapplybaroverride.exe 
						  -b  ${bar.name.four} -p ${bar.properties.name.four}" />
		<exec executable="${toolkit.home}\mqsiapplybaroverride.exe" spawn="false">
			<arg value="-b" />
			<arg value="${bar.name.four}" />
			<arg value="-p" />
			<arg value="${bar.properties.name.four}" />
		</exec>
		<echo message="Broker Archive file successfully overridden - ${bar.name.four}" />
	</target>
</project>