<requestData>
	<serviceId>SMSNotification</serviceId>
	<serviceName>sendSMS</serviceName>
	<configuration>
		<traceable>true</traceable>
		<auditable>false</auditable>
		<logQueueName>GESTOR.LOG.BD.IN</logQueueName>
		<timeout>30</timeout>
		<responseRequired>true</responseRequired>
		<references>
			<ref1>enviarNotificacionSipref.enviarNotificacionesRq.notificarMensajeInp.informacionCliente.numeroIdentificacion</ref1>
			<ref2></ref2>
			<ref3></ref3>
		</references>		
	</configuration>
	<endpointReference>
		<serviceId>SMSNotification</serviceId>
		<serviceName>sendSMS</serviceName>
		<routingData>
			<requestQueue>NOTIFISIPREF.ORQ.RQ.IN</requestQueue>
			<responseQueue>NNOTIFISIPREF.ORQ.RS.IN</responseQueue>
		</routingData>
		<associatedService>
			<associatedServiceId>SIPREFconsultaDatos</associatedServiceId>
			<associatedServiceName>consultaDatos</associatedServiceName>
			<invocationOrder>1</invocationOrder>
		</associatedService>
		<associatedService>
			<associatedServiceId>SIPREFenvioNotificacion</associatedServiceId>
			<associatedServiceName>envioNotificacion</associatedServiceName>
			<invocationOrder>2</invocationOrder>
		</associatedService>
	</endpointReference>
	<endpointReference>
		<serviceId>SIPREFconsultaDatos</serviceId>
		<serviceName>consultaDatos</serviceName>
		<configuration>
			<traceable>true</traceable>
			<auditable>false</auditable>
			<logQueueName>GESTOR.LOG.BD.IN</logQueueName>
			<type>SOAP</type>
			<timeout>10</timeout>
			<responseRequired>true</responseRequired>
			<references>
				<ref1>root.numeroReferencia</ref1>
				<ref2></ref2>
				<ref3></ref3>
			</references>		
		</configuration>
		<routingData>
			<provider>SIPREF</provider>
			<endpoint>http://localhost:7900/WSConsultasSIPREF/services/ConsultasSIPREF</endpoint>
			<requestQueue>CONSULTAINFOADSIPREF.CMP.IN</requestQueue>
			<responseQueue>CONSULTAINFOADSIPREF.CMP.OUT</responseQueue>
		</routingData>
	</endpointReference>
	<endpointReference>
		<serviceId>SIPREFenvioNotificacion</serviceId>
		<serviceName>envioNotificacion</serviceName>
		<configuration>
			<traceable>true</traceable>
			<auditable>false</auditable>
			<logQueueName>GESTOR.LOG.BD.IN</logQueueName>
			<type>REST</type>
			<timeout>10</timeout>
			<responseRequired>true</responseRequired>
			<references>
				<ref1>root.numeroReferencia</ref1>
				<ref2></ref2>
				<ref3></ref3>
			</references>		
		</configuration>
		<routingData>
			<provider>SIPREF</provider>
			<endpoint>http://172.21.1.163/sipref/solicitudes</endpoint>
			<requestQueue>SIPREFENVIONOTIFICACION.RQ.IN</requestQueue>
			<responseQueue>SIPREFENVIONOTIFICACION.RSMQ.OUT</responseQueue>
			<adapterQueueEndpoint>ADP.INT.REST.REQ.01</adapterQueueEndpoint>
		</routingData>
	</endpointReference>
</requestData>