[
    {
        "idEvidencia": 23,
        "idEstadoEvidencia": "B806",
        "idTipoReferencia": "B601",
        "idTipoSolicitud": "B702",
        "nombreSolicitud": "Radicación",
        "fechaRegistro": "2018-10-05T19:21:48.000+0000",
        "informacionTramite": {
            "idServicioNegocio": "0513",
            "nombreServicioNegocio": "RENOVACION DE MATRICULA",
            "idSucursal": "80",
            "numReferencia": "000001812000498"
        },
        "informacionReporte": {
            "nombreCliente": "EXITO EXPRESS PLAZA DE LAS AMERICAS",
            "nombrePagador": null,
            "fechaMatricula": null,
            "numeroMatricula": "02280535"
        },
        "informacionNotificaciones": {
            "idProcesoCorreoElectronico": 2862846,
            "idProcesoMensajeTexto": 0,
            "contenidoCorreoElectronico": null,
            "contenidoMensajeTexto": "Cámara de Comercio de Bogotá, alerta la última gestión: -RENOVACION DE MATRICULA Ref: 000001812000498 Información www.ccb.org.co",
            "estadoProcesoCorreo": "Bloqueado por pruebas de sandbox",
            "estadoProcesoMensaje": "No hay información del estado.",
            "fechaProcesoCorreo": "2018-10-11T18:46:32.884+0000",
            "fechaProcesoMensaje": "2018-10-11T18:46:32.884+0000",
            "tiempoProcesoCorreo": "140532",
            "tiempoProcesoMesaje": null
        },
        "informacionDirecciones": [
            {
                "direccion": "pruebasgestionticccb@gmail.com",
                "fechaRegistro": null,
                "idTipoDireccion": "161",
                "esCorreo": true,
                "enviaNotificacion": true,
                "motivoNotificacion": "Dirección con notificación"
            },
            {
                "direccion": "pruebasgestionticccb@gmail.com",
                "fechaRegistro": null,
                "idTipoDireccion": "162",
                "esCorreo": true,
                "enviaNotificacion": true,
                "motivoNotificacion": "Dirección con notificación"
            },
            {
                "direccion": "5555555",
                "fechaRegistro": null,
                "idTipoDireccion": "161",
                "esCorreo": false,
                "enviaNotificacion": false,
                "motivoNotificacion": "Dirección con formato no válido"
            }
        ]
    }
]