{
  "idEstadoEvidencia": "B801",
  "idTipoReferencia": "B601",
  "idTipoSolicitud": "B702",
  "informacionDirecciones": [
    {
      "direccion": "juanjorogo@gmail.com",
      "esCorreo": true,
      "esHistorico": 1,
      "fechaRegistro": "2018-06-27T19:27:33.726Z",
      "idTipoDireccion": "162"
    },
    {
      "direccion": "correofalso@gmail.com",
      "esCorreo": true,
      "esHistorico": 1,
      "fechaRegistro": "2018-06-27T19:27:33.726Z",
      "idTipoDireccion": "161"
    }
  ],
  "informacionNotificaciones": {
    "contenidoCorreoElectronico": "Sample text",
    "contenidoMensajeTexto": "Sample text",
    "idProcesoCorreoElectronico": 1615269,
    "idProcesoMensajeTexto": 1615270
  },
  "informacionReporte": {
    "fechaMatricula": "2018-06-27T19:27:33.727Z",
    "nombreCliente": "Juan Rodriguez",
    "nombrePagador": "Jose Gomez",
    "numeroMatricula": "12312312"
  },
  "informacionTramite": {
    "idServicioNegocio": "0513",
    "idSucursal": "43",
    "nombreServicioNegocio": "renovacion matricula",
    "numReferencia": "000001812000123"
  },
  "nombreSolicitud": "ingreso canal virtual"
}