{
  "idTipoSolicitud": "B704",
  "idTipoReferencia": "B601",
  
  "informacionTramite": {
    "numeroReferencia": "000001810409665",
    "idServicioNegocio": "0513",
    "idSucursal": "02"
  },
  "informacionCliente": {
    "nombre": "RAMIREZ PIÑUELA HORACIO",
    "numeroInscripcion": "01734389",
    "fechaMatricula": "2018-06-12T15:45:25.770Z"
  },
  "informacionDirecciones": [
    {
      "idTipoDireccion": "161",
      "ctrTipoDireccion": 0,
      "direccion": "juanjorogo@gmail.com",
      "fechaRegistro": "2018-06-12T15:45:25.770Z",
      "esCorreo": true
    },
    {
      "idTipoDireccion": "161",
      "ctrTipoDireccion": 0,
      "direccion": "3132828108",
      "fechaRegistro": "2018-06-12T15:45:25.770Z",
      "esCorreo": false
    }
  ],
  "informacionDocumentos": {
    "fechaDocumento": "2018-06-12T15:45:25.770Z",
    "origenDocumento": "OrigenDocumentoEjemplo"
  }
}